{"homebrew_version":"2.1.10","used_options":[],"unused_options":[],"built_as_bottle":false,"poured_from_bottle":false,"installed_as_dependency":false,"installed_on_request":true,"changed_files":null,"time":1565657751,"source_modified_time":1516745092,"HEAD":"925ec737fba1db97d0170c56de982900711cacd3","stdlib":null,"compiler":"clang","aliases":[],"runtime_dependencies":[],"source":{"path":"/usr/local/Homebrew/Library/Taps/homebrew/homebrew-core/Formula/sshrc.rb","tap":"homebrew/core","spec":"stable","versions":{"stable":"0.6.2","devel":"","head":"HEAD","version_scheme":0}}}